,medmcqa_opt4,medmcqa_opt4_noRAG,medmcqa_opt4_rerank,medqa_opt4,medqa_opt4_noRAG,medqa_opt4_rerank,medqa_opt5,medqa_opt5_noRAG,medqa_opt5_rerank,mmlu_opt4,mmlu_opt4_noRAG
llama,0.36050681329189577,0.3241692565144633,0.3624193162801817,0.38020424194815394,0.3566378633150039,0.37077769049489395,0.33385703063629224,0.30557737627651216,0.3307148468185389,0.5123258306538049,0.454983922829582
mistral,0.4432225675352618,0.4068850107578293,0.4417881902940473,0.4375490966221524,0.4344069128043991,0.43676355066771405,0.36213668499607227,0.3511390416339356,0.3629222309505106,0.5819935691318328,0.537513397642015
zephyr,0.42863973224958163,0.43461630408797514,0.4415491274205116,0.48546739984289083,0.49803613511390415,0.4799685781618225,0.42419481539670073,0.42733699921445406,0.44147682639434405,0.6045016077170418,0.6286173633440515
